NO,항목명,카테고리,상세 내용,목표/의도,산출물,관련 파일/폴더,상태,작업 완료일
1,Next.js 설치,프로젝트 초기화,Next.js 16 프로젝트 초기 환경 구성 및 설정,표준화된 최신 개발 환경 확보 및 AI 코드 생성 인정성 확보,Next.js 프로젝트 기본 구조,package.json / next.config.ts,완료,2026.4.24
2,Claude 설정,AI 작업 환경,CLAUDE.md 파일 생성 및 /init 명령어로 프로젝트 설정,AI와의 협업을 위한 프로젝트 메타데이터 정의,CLAUDE.md 파일,CLAUDE.md,완료,2026.4.24
3,Context 문서 작성,프로젝트 문서,프로젝트 전체 맥락을 담은 markdown 문서 작성,AI가 프로젝트를 정확하게 이해하고 일관된 방식으로 개발 진행,Context 폴더 전체,context/ (project-overview.md / coding-standards.md / ai-interaction.md),완료,2026.4.24
4,project-overview,프로젝트 문서,DevStash의 전체 기능 / 데이터 모델 / 기술 스택 / UI/UX 정의,프로젝트 전체 아키텍처 및 비전 문서화,프로젝트 개요 문서,context/project-overview.md,완료,2026.4.24
5,coding-standards,개발 규칙,코드 작성 규칙 / 컨벤션 / 네이밍 규칙 / 파일 구조 정의,모든 팀원(AI 포함)이 일관된 스타일로 코드 작성 유지,코딩 표준 문서,context/coding-standards.md,완료,2026.4.24
6,ai-interaction,AI 가이드,AI와의 협업 방식 / 워크플로우 / 의사소통 방법 정의,AI를 효과적으로 활용하기 위한 작업 방식 수립,AI 상호작용 가이드,context/ai-interaction.md,완료,2026.4.24
7,current-feature,진행 추적,현재 진행 중인 기능을 추적하는 문서 - 각 페이즈별 상태 관리,작업 진행 상황 명확화 및 다음 단계 계획 수립,진행 상황 추적 문서,context/current-feature.md,완료,2026.4.24
8,Git & GitHub 설정,버전 관리,깃 저장소 초기화 및 GitHub 연동 설정,버전 관리 및 팀 협업 기반 구축,Git 저장소 설정,.git / .gitignore,완료,2026.4.24
9,UI 포토타입 설정,UI 설계,Figma 또는 스크린샷으로 대시보드 UI 레이아웃 초안 작성,시각적 참고 자료를 통해 개발자(AI)가 UI 요구사항 명확히 이해,UI 스크린샷 / 포토타입,context/screenshots/,완료,2026.4.25
10,Mock 데이터 설정,테스트 데이터,백엔드 없이 프론트엔드 개발을 위한 테스트용 더미 데이터 생성,데이터베이스 완성 전 UI 개발 및 기능 테스트 가능,Mock 데이터 파일,src/lib/mock-data.ts,완료,2026.4.25
11,Spec 작성,기능 명세,각 기능별 상세한 기술 스펙 문서 작성,AI가 명확한 요구사항을 바탕으로 정확하게 기능 구현,기능 명세서,context/features/*.specmd,완료,2026.4.25
12,AI 직무 지시,작업 정의,Spec 기반 구현 시 필요한 AI 직무 지시 및 구현 방향 정의,일관된 작업 진행 및 명확한 목표 달성,AI 직무 지시 문서,context/features/*.md,완료,2026.4.25
13,대시보드 UI - Phase 1 (레이아웃),UI 구현,ShadCN UI 초기화 및 기본 컴포넌트 설치 / 대시보드 메인 레이아웃 (사이드바+메인 영역) 구성 / 전역 스타일 및 다크모드 설정,기본적인 대시보드 구조 및 스타일 기반 구축,레이아웃 컴포넌트,src/components/dashboard/ / app/dashboard/,완료,2026.4.26
14,대시보드 UI - Phase 2 (사이드바),UI 구현,좌측 사이드바 완성 - 네비게이션 메뉴 / 컬렉션 목록 / 검색바 / 사용자 프로필 영역,사용자가 콘텐츠에 접근할 수 있는 주요 네비게이션 구현,사이드바 컴포넌트,src/components/dashboard/sidebar.tsx,완료,2026.4.26
15,대시보드 UI - Phase 3 (메인 컨텐츠),UI 구현,메인 콘텐츠 영역 완성 - 아이템 그리드 / 필터링 & 정렬 / 상세보기 모달 / 반응형 디자인,데이터 표시 및 사용자 인터랙션 완성,메인 콘텐츠 컴포넌트,src/components/dashboard/main-content.tsx / src/components/item-grid.tsx,완료,2026.4.26
16,데이터베이스 설정,데이터베이스,Prisma 7 초기화 및 Neon PostgreSQL 연동 - 스키마 설계 (9개 모델: User / Item / Collection 등) / 마이그레이션 설정 / Seed 데이터 구성 (7가지 시스템 ItemType),실제 데이터베이스 연동으로 Mock 데이터 대체 및 데이터 영속성 확보,Schema / 마이그레이션 파일 / Seed 스크립트,prisma/schema.prisma / prisma/seed.ts / src/lib/prisma.ts / prisma.config.ts / .env / .env.example,완료,2026.4.26
17,데이터베이스 명세,기술 명세,Prisma 7 및 Neon PostgreSQL 사용 시 주요 breaking changes 및 설정 방법 문서화,데이터베이스 구조 및 설정 방식 명확화 / 향후 유지보수 용이성 확보,데이터베이스 명세서,context/features/database-spec.md,완료,2026.4.26
18,NextAuth 통합,인증 시스템,NextAuth v5로 이메일 및 GitHub 로그인 기능 구현 / 세션 관리 / 사용자 인증 미들웨어 적용,안전한 사용자 인증 및 세션 관리 구현,인증 설정 / 로그인 UI,src/auth.ts / app/auth/ / lib/auth/,대기,2026.4.27
19,대시보드 DB 연동,기능 통합,Mock 데이터를 실제 데이터베이스 쿼리로 교체 / 아이템 / 컬렉션 CRUD 기능 구현,실제 데이터베이스를 통한 데이터 저장/조회/수정/삭제 기능 완성,API 라우트 / Server Components,src/app/api / src/app/dashboard/,대기,2026.4.27
20,파일 업로드,파일 저장소,Cloudflare R2를 이용한 파일 업로드 기능 구현 / 파일 관리 UI,사용자가 이미지 / 문서 등의 파일을 업로드하고 관리 가능,파일 업로드 컴포넌트 / API 라우트,src/components/file-upload.tsx / src/app/api/upload/,대기,2026.4.27
